<?xml version="1.0" encoding="UTF-8"?>
<beans xmlns="http://www.springframework.org/schema/beans"
	xmlns:xsi="http://www.w3.org/2001/XMLSchema-instance" xmlns:mvc="http://www.springframework.org/schema/mvc"
	xmlns:context="http://www.springframework.org/schema/context" xmlns:p="http://www.springframework.org/schema/p"
	xmlns:aop="http://www.springframework.org/schema/aop"
	xsi:schemaLocation="http://www.springframework.org/schema/beans http://www.springframework.org/schema/beans/spring-beans-3.0.xsd
		http://www.springframework.org/schema/mvc http://www.springframework.org/schema/mvc/spring-mvc-3.0.xsd	
		http://www.springframework.org/schema/aop http://www.springframework.org/schema/aop/spring-aop-3.0.xsd 
		http://www.springframework.org/schema/context http://www.springframework.org/schema/context/spring-context-3.0.xsd">

	<!-- Scans within the base package of the application for @Components to configure as beans -->
	<context:component-scan base-package="com.**" />
	<!-- <context:component-scan base-package="com" use-default-filters="false">
		<context:include-filter type="regex" expression="com.puma.*.controller.*" />
	</context:component-scan> -->


	<bean id="controllerAspect" class="com.puma.core.aspect.LogAspect"/>
	<aop:aspectj-autoproxy proxy-target-class="true">
        <aop:include name="controllerAspect" />
    </aop:aspectj-autoproxy> 
    
	<!-- Saves a locale change using a cookie -->
	<!-- <bean id="localeResolver" class="org.springframework.web.servlet.i18n.CookieLocaleResolver" /> -->

	<!-- Configure the multipart resolver -->
	<!-- bean id="multipartResolver" class="org.springframework.web.multipart.commons.CommonsMultipartResolver"> 
		<property name="defaultEncoding" value="UTF-8"/> 
		<property name="maxInMemorySize" value="1024"/> 
		<property name="uploadTempDir" value="/upload/tmp/"/> 
		<property name="maxUploadSize" value="-1"/> 
	</bean -->
	<!-- <bean  class="com.puma.util.TestGetAllController" init-method="start" destroy-method="stop" /> -->
	<bean  class="com.puma.core.service.InitResourceDb" init-method="start" destroy-method="stop" />
	<bean  class="com.puma.core.service.InitSystemPluginDb" init-method="start" destroy-method="stop" />
</beans>