<?xml version="1.0" encoding="UTF-8"?>
<beans:beans xmlns="http://www.springframework.org/schema/mvc"
	xmlns:xsi="http://www.w3.org/2001/XMLSchema-instance"
	xmlns:beans="http://www.springframework.org/schema/beans"
	xsi:schemaLocation="
        http://www.springframework.org/schema/mvc http://www.springframework.org/schema/mvc/spring-mvc-3.0.xsd
        http://www.springframework.org/schema/beans http://www.springframework.org/schema/beans/spring-beans-3.0.xsd">

	<!-- DispatcherServlet Context: defines this servlet's request-processing infrastructure -->
	
	<!-- Enables the Spring MVC @Controller programming model -->
	<annotation-driven />

	<!-- Handles HTTP GET requests for /resources/** by efficiently serving up static resources in the ${webappRoot}/resources directory -->
	<default-servlet-handler/> 
	
	<beans:bean id="messageSource" class="org.springframework.context.support.ReloadableResourceBundleMessageSource">
		<beans:property name="basename" value="/WEB-INF/messages" />
		<beans:property name="cacheSeconds" value="0" />
	</beans:bean>
	
	<!-- Imports user-defined @Controller beans that process client requests -->
	<beans:import resource="controllers.xml" />
	
	<beans:import resource="view-resolvers.xml" />
	
	<beans:bean id="multipartResolver" class="org.springframework.web.multipart.commons.CommonsMultipartResolver" >  
		<beans:property name="defaultEncoding" value="UTF-8"/>
		<beans:property name="maxInMemorySize" value="2048"/>
		<beans:property name="uploadTempDir" value="/upload/tmp/"/>
		<beans:property name="maxUploadSize" value="-1"/>
	</beans:bean>
	
	<beans:bean class="org.springframework.beans.factory.config.PropertyPlaceholderConfigurer">  
      <beans:property name="locations">  
          <beans:list>  
              <beans:value>classpath*:system.properties</beans:value>  
              <!--要是有多个配置文件，只需在这里继续添加即可 -->  
          </beans:list>  
      </beans:property>  
  </beans:bean>  
	<beans:bean  class="com.puma.common.SystemConfigBean" init-method="start" destroy-method="stop">
		<beans:property name="serverUrl" value="${server.url}"/> 
		<beans:property name="ebookTemplatePath" value="${ebook.templatepath}"/> 
		<beans:property name="sdkHome" value="${sdkHome}"/> 
		<beans:property name="jdkHome" value="${jdkHome}"/> 
	</beans:bean>
</beans:beans>
