<?xml version="1.0" encoding="UTF-8"?>
<beans xmlns="http://www.springframework.org/schema/beans"
	xmlns:xsi="http://www.w3.org/2001/XMLSchema-instance" xmlns:mvc="http://www.springframework.org/schema/mvc"
	xmlns:context="http://www.springframework.org/schema/context" xmlns:p="http://www.springframework.org/schema/p"
	xsi:schemaLocation="http://www.springframework.org/schema/beans http://www.springframework.org/schema/beans/spring-beans-3.0.xsd
		http://www.springframework.org/schema/mvc http://www.springframework.org/schema/mvc/spring-mvc-3.0.xsd	
		http://www.springframework.org/schema/context http://www.springframework.org/schema/context/spring-context-3.0.xsd">

	<bean id="annotationMethodHandlerAdapter" class="org.springframework.web.servlet.mvc.annotation.AnnotationMethodHandlerAdapter">
		<property name="messageConverters">
			<list>
				<bean class="org.springframework.http.converter.json.MappingJacksonHttpMessageConverter">
					<property name="supportedMediaTypes">
						<list>
							<value>application/json</value>
						</list>
					</property>
				</bean>
				<bean class="org.springframework.http.converter.FormHttpMessageConverter" />
				<bean class="org.springframework.http.converter.BufferedImageHttpMessageConverter" />
				<bean class="org.springframework.http.converter.ByteArrayHttpMessageConverter" />
				<bean class="org.springframework.http.converter.StringHttpMessageConverter" />
				<bean class="org.springframework.http.converter.ResourceHttpMessageConverter" />
				<!-->bean class="org.springframework.http.converter.xml.MarshallingHttpMessageConverter"> 
					<property name="marshaller" ref="castorMarshaller" /> 
					<property name="unmarshaller" ref="castorMarshaller" /> 
				</bean-->
			</list>
		</property>
	</bean>

	<bean class="org.springframework.web.servlet.view.ContentNegotiatingViewResolver">
		<property name="mediaTypes">
			<map>
				<entry key="html" value="text/html" />
				<entry key="json" value="application/json" />
				<entry key="do" value="application/json" />
				<entry key="xml" value="application/xml" />
			</map>
		</property>
		<property name="viewResolvers">
			<list>
				<bean class="org.springframework.web.servlet.view.freemarker.FreeMarkerViewResolver">
					<property name="viewClass" value="org.springframework.web.servlet.view.freemarker.FreeMarkerView" />
					<property name="contentType" value="text/html; charset=utf-8" />
					<!--property name="viewNames" value="*.ftl" /-->
					<!--property name="prefix" value="/template/" /-->
					<property name="suffix" value=".ftl" />
					<!--property name="cache" value="false" /-->
					<!--property name="order" value="2" /-->
				</bean>
			</list>
		</property>
		<property name="defaultViews">
			<list>
				  <!-- for application/json -->  
	              <bean class="org.springframework.web.servlet.view.json.MappingJacksonJsonView" />  
	              <!-- for application/xml -->  
	              <!--   
	              <bean class="org.springframework.web.servlet.view.xml.MarshallingView" >  
	                  <property name="marshaller">  
	                      <bean class="org.springframework.oxm.xstream.XStreamMarshaller"/>  
	                  </property>  
	              </bean>  
	               -->  
			</list>
		</property>
	</bean>

</beans>