<?xml version="1.0" encoding="UTF-8"?>  
<ehcache xmlns:xsi="http://www.w3.org/2001/XMLSchema-instance"  
    xsi:noNamespaceSchemaLocation="http://ehcache.org/ehcache.xsd"  
    updateCheck="false">  
      
  <!-- eternal="false"   // 元素是否永恒,如果是就永不过期(必须设置)
  maxElementsInMemory="1000" // 缓存容量的内存最大值(必须设置)
  overflowToDisk="false"  // 当缓存达到maxElementsInMemory值是,是否允许溢出到磁盘(必须设置)
  diskPersistent="false"  // 磁盘缓存在VM重新启动时是否保持(默认为false)
  timeToIdleSeconds="0" // 导致元素过期的访问间隔(秒为单位). 0表示可以永远空闲,默认为0
  timeToLiveSeconds="600" // 元素在缓存里存在的时间(秒为单位). 0 表示永远存在不过期
  memoryStoreEvictionPolicy="LFU" // 当达到maxElementsInMemory时,如何强制进行驱逐默认使用"最近使用(LRU)"策略,其它还有先入先出FIFO,最少使用LFU,较少使用LRU
  	Example usage:
 	@TriggersRemove(cacheName="baseCache",removeAll=true)  
	public Entity save(Entity entity) throws CrudException {  
	    return entity;  
	}  
	  
	@TriggersRemove(cacheName="baseCache",removeAll=true)  
	public Entity update(Entity entity) throws CrudException {  
	    return entity;  
	}  
	  
	@TriggersRemove(cacheName="baseCache",removeAll=true)  
	public void del(Entity entity) throws CrudException { }  
	  
	@Cacheable(cacheName="baseCache")   @SuppressWarnings("unchecked")  
	public List<Entity> findAll() throws SearchException {  
	    return list;  
	}  
 	@Cacheable(cacheName="baseCache")
	这个注解就是做到缓存数据,cacheName对应ehcache.xml 中配置
	@TriggersRemove(cacheName="baseCache",removeAll=true)
	这个注解的作用就是当数据发生变化的时候清除缓存,做到数据同步   -->
    <diskStore path="java.io.tmpdir" />  
      
    <defaultCache eternal="false"   
        maxElementsInMemory="1000"  
        overflowToDisk="true"   
        diskPersistent="false"   
        timeToIdleSeconds="0"  
        timeToLiveSeconds="600"   
        memoryStoreEvictionPolicy="LRU" />  
  
    <cache name="memberCache"   
        eternal="false"   
        maxElementsInMemory="1000"  
        overflowToDisk="false"   
        diskPersistent="false"   
        timeToIdleSeconds="0"  
        timeToLiveSeconds="600"   
        memoryStoreEvictionPolicy="LRU" />
    
    <cache name="themeCache"   
        eternal="false"   
        maxElementsInMemory="500"  
        overflowToDisk="false"   
        diskPersistent="false"   
        timeToIdleSeconds="0"  
        timeToLiveSeconds="6000"   
        memoryStoreEvictionPolicy="LRU" />
        
    <cache name="resourceCache"   
        eternal="false"   
        maxElementsInMemory="1000"  
        overflowToDisk="false"   
        diskPersistent="false"   
        timeToIdleSeconds="0"  
        timeToLiveSeconds="600"   
        memoryStoreEvictionPolicy="LRU" />
        
    <cache name="roleCache"   
        eternal="false"   
        maxElementsInMemory="500"  
        overflowToDisk="false"   
        diskPersistent="false"   
        timeToIdleSeconds="0"  
        timeToLiveSeconds="1200"   
        memoryStoreEvictionPolicy="LRU" />
        
     <cache name="resourceGroupCache"   
        eternal="false"   
        maxElementsInMemory="500"  
        overflowToDisk="false"   
        diskPersistent="false"   
        timeToIdleSeconds="0"  
        timeToLiveSeconds="1200"   
        memoryStoreEvictionPolicy="LRU" />
</ehcache>  