<?xml version="1.0" encoding="UTF-8"?>
<beans xmlns="http://www.springframework.org/schema/beans"
    xmlns:xsi="http://www.w3.org/2001/XMLSchema-instance" xmlns:context="http://www.springframework.org/schema/context"
    xmlns:aop="http://www.springframework.org/schema/aop" xmlns:tx="http://www.springframework.org/schema/tx"
    xsi:schemaLocation="http://www.springframework.org/schema/beans http://www.springframework.org/schema/beans/spring-beans-3.0.xsd
        http://www.springframework.org/schema/context http://www.springframework.org/schema/context/spring-context-3.0.xsd
           http://www.springframework.org/schema/aop http://www.springframework.org/schema/aop/spring-aop-3.0.xsd
           http://www.springframework.org/schema/tx http://www.springframework.org/schema/tx/spring-tx-3.0.xsd">

	    <!--①邮件服务器-->  
    <!-- <bean id="mailSender" class="org.springframework.mail.javamail.JavaMailSenderImpl">  
        <property name="protocol" value="smtp"/>  
        <property name="host" value="smtp.gmail.com"/>  
        <property name="port" value="465" />Gmail的SMTP端口居然是这个，去google网站上了解吧  
        <property name="username" value="到google注册一个gmail账户"/>  
        <property name="password" value="这里是密码"/>  
        <property name="javaMailProperties">  
            <props>  
                <prop key="mail.smtp.auth">true</prop>  
                <prop key="mail.smtp.starttls.enable">true</prop>  
                <prop key="mail.smtp.socketFactory.class">javax.net.ssl.SSLSocketFactory</prop>                        gmail要求的ssl连接  
            </props>  
        </property>  
    </bean>   -->
    <!-- 扫描并加注Mail Service 使用的bean -->


    <bean id="mailSender" class="org.springframework.mail.javamail.JavaMailSenderImpl">  
        <property name="protocol" value="smtp"/>  
        <property name="host" value="smtp.163.com"/>  
        <property name="username" value="boyuan2001cn@163.com"/>  
        <property name="password" value="nishiwodelaopo"/>  
        <property name="javaMailProperties">  
            <props>  
                <prop key="mail.smtp.auth">true</prop>  
            </props>  
        </property>  
    </bean>
      
    <!--②异步线程执行器-->  
    <bean id="taskExecutor" class="org.springframework.scheduling.concurrent.ThreadPoolTaskExecutor">  
        <property name="corePoolSize" value="10"/>  
        <property name="maxPoolSize" value="30"/>  
    </bean>  
</beans>